{"videos": {"_type": "video-file", "sha256": "afa21c9ae70fc176c41ea69305ae0be9d99ed85c3c8adfe5684296950cd86d3e", "size": 2833, "path": "media/videos/videos_0_afa21c9ae70fc176c41e.mp4"}, "_timestamp": 1657175623.201055, "_runtime": 107, "_step": 169, "global_step": 845, "time/fps": 8.0, "train/entropy_loss": -2.8371620178222656, "train/explained_variance": 0.0, "train/learning_rate": 0.000699999975040555, "train/policy_loss": -25.666019439697266, "train/std": 0.999855637550354, "train/value_loss": 82.50875091552734, "rollout/ep_len_mean": 20.0, "rollout/ep_rew_mean": 1.9999970197677612}